﻿Name,Country,Years active,Proven victims,Possible victims,Notes
Carl Eugene Watts,United States,1974 to 1982,14,80+,"Believed to have killed over 80 women in multiple states, in 1982 Watts accepted a plea bargain in Texas in which he would plead guilty to a lesser charge and be granted immunity from murder charges in exchange for providing information on his victims; as a result he confessed to 12 murders and was sentenced to 60 years in prison on the lesser charge. He was sentenced to life imprisonment in separate trials in Michigan in 2004 and 2007, and died of cancer a week after the 2007 sentence was handed down."
Philipp Tyurin,Soviet Union,1945 to 1946,14,29,"Known as the ""Leningrad Maniac"" and the ""Hellraiser""; murdered people for monetary reasons at his hut in Leningrad; executed 1947."
Zdzisław Marchwicki,Poland,1964 to 1970,14,21+,"Also known as Vampire of Zagłębie. Killed 14 women in 1964–1970 in Poland's region of Dąbrowa Basin. Zdzisław Marchwicki was most likely the man responsible for the killings; however, his guilt remains in dispute. Executed in 1977."
Monster of Florence,Italy,1968 to 1985,14,16,"Unidentified killer who shot couples in lovers lanes and mutilated the women, taking their sexual organs and in the last two cases, also their left breast. 69-year-old farmer Pietro Pacciani was controversially convicted of 14 crimes in 1994 and sentenced to life in prison, but he was released following allegations that the scant evidence had been planted in an attempt to close the case, which was by then the largest and most mediatic in Italy's criminal history. Pacciani was scheduled for retrial in 1998 when he died after taking medication contraindicated to his heart problems. Pacciani's two alleged accomplices, Mario Vanni and Giancarlo Lotti, were sentenced to life and 30 years in prison, respectively. Some believe that none of the accused were guilty, and that Lotti incriminated himself and the other two because he was homeless and wanted to live in prison."
Joachim Kroll,West Germany,1955 to 1976,14,,"Known as the ""Ruhr Cannibal"" and ""The Duisburg Man-Eater""; died from a heart attack in prison in 1991."
Arthur Shawcross,United States,1972 to 1989,14,,"Committed arson and burglary, served two years of a five-year sentence. Within a year of his release, he raped and murdered two children in 1972. Under a plea bargain, he was sentenced to 25 years. Released after serving 141/2 years, he began killing again a year later, targeting prostitutes. Known as the ""Genesee River Killer"", ""Genesee River Strangler"", ""Rochester Strangler"", and ""Monster of the Rivers"", he strangled and battered his victims. Sentenced to life without parole. Died of cardiac arrest in 2008."
The Doodler,United States,1974 to 1975,14,,"Unidentified serial killer who sketched then stabbed to death 14 gay men in San Francisco. Surviving victims did not wish to testify, so the killer was not identified."
Marcelo Costa de Andrade,Brazil,1991,14,,Known as The Vampire of Niterói. Raped and killed 14 children in Rio de Janeiro and Niterói. Drank the blood of his victims. Found not guilty by reason of insanity.
Julio Pérez Silva,Chile,1998 to 2001,14,,Known as The Psychopath from Alto Hospicio; killed 14 women. Sentenced to life imprisonment in 2004.
Sergey Shipilov,Russia,1995 to 1999,14,,"Known as the ""Velsk Chikatilo""; killed female hitchhikers in the town of Velsk, most of them while out on prison leave; sentenced to life imprisonment."
Abdufatto Zamanov,Russia,2002 to 2004,14,,Killed people out of personal hostility; also raped two young girls; sentenced to life imprisonment.
Jeong Nam-gyu,South Korea,2004 to 2006,14,,"Kidnapped, raped and murdered people; committed suicide."
Amir Qayyum,Pakistan,2005,14,,"Known as ""The brick killer"". Killed 14 homeless men with rocks or bricks when they were asleep. Sentenced to death in May 2006."
Jake Bird,United States,1930s to 1947,13,44,Sentenced to death for the murders of two people; confessed to 44 other murders; 11 were substantiated and he was suspected in the others. Executed by hanging in 1949.
Belle Gunness,United States,1900? to 1908?,13,40+,"Norwegian-born murder-for-profit killer who murdered her suitors and relatives in Indiana. High possibility of committing over 40 murders. May have faked her own death in the fire that destroyed her home in 1908; her children had died of strychnine poisoning before the fire, and the woman's body found next to them was decapitated and, reportedly, smaller than Gunness' own. Ultimate fate unknown."
Cleveland Torso Murderer,United States,1934 to 1938,13,40+,"Unidentified serial killer, also known as ""The Mad Butcher of Kingsbury Run"", who targeted drifters and derelicts, of whom only two were identified, between 1934 and 1938 in Cleveland, Ohio."
Kaspars Petrovs,Latvia,2003,13,38+,"Confessed to strangling 38 elderly residents of Riga, Latvia, in 2003. Convicted and sentenced to life imprisonment for the robbery and murder of 13."
Richard Ramirez,United States,1984 to 1985,13,20,"Killed 13 people between 28 June 1984, and 24 August 1985, in Los Angeles. Known as the ""Night Stalker"". Ramirez was sentenced to death in 1989, and died of B-cell lymphoma in 2013 while still on death row."
Sleepy Hollow Killer,South Africa,1990s to 2007,13,16+,"Raped and murdered women, mostly sex workers, around Pietermaritzburg and the Midlands of KwaZulu-Natal."
Peter Sutcliffe,United Kingdom,1975 to 1980,13,15,"Killed 13 women between 30 October 1975, and 17 November 1980. Most victims were killed by a combination of bludgeoning and stabbing, and all but two were killed in the county of Yorkshire. Owing to the modus operandi and location of the murders, Sutcliffe became known as the ""Yorkshire Ripper."" Sentenced to 20 concurrent life sentences. After three years he was sent to a secure psychiatric facility, where he served 25 years before being found ""fit to leave"" in 2009. Government officials and courts ruled in 2010 that he would never be released. In 2015, he was declared ""no longer mentally ill"", and transferred to a maximum security prison."
Francisco Antonio Laureana,Argentina,1974 to 1975,13,13+,"Raped 15 women in San Isidro, killing 13 of them. Shot and killed during a firefight with police."
Tamara Samsonova,Russia,1995 to 2015,13,13+,"Known as the ""Granny Ripper""; killed and allegedly cannibalized people in her apartment; committed to a psychiatric clinic."
Herbert Mullin,United States,1972 to 1973,13,,"Despite detailed confessions, prosecutors decided not to try him for the first three crimes, instead focusing on crimes that conflicted with his insanity plea. Sentenced to imprisonment for life."
Boston Strangler,United States,1962 to 1964,13,,"Although Albert DeSalvo was widely thought to be the Boston Strangler, police and others analysing the case have long doubted the truth of his confession. Sentenced to life for a series of rapes, he was murdered in prison. DeSalvo's body was exhumed for DNA testing, and compared to a substance found on the exhumed body of the Boston Strangler's last victim. In 2001, it was declared not to match, but in 2013 officials announced that improvements in DNA extraction technology produced viable samples from the degraded evidence. DeSalvo's body was reexhumed and found to match."
Lorenzo Gilyard,United States,1977 to 1993,13,,"Known as ""The Kansas City Strangler"". Killed up to 13 prostitutes in the Kansas City area from 1977 to 1993. Sentenced to life in 2007."
Joseph James DeAngelo,United States,1979 to 1986,13,,"Top suspect in the murders committed by ""Golden State Killer"", ""Original Night Stalker"", and ""East Area Rapist"". Committed at least 12 murders, 50 rapes, and 120 burglaries across California in the 1970s and 1980s. He was identified and arrested in 2018 after DNA evidence confirmed it was him."
Vladimir Storozhenko,Soviet Union,1978 to 1981,13,,"Known as the ""Smolensky Strangler""; tortured and murdered women for sexual pleasure; four other innocent men were initially convicted for his crimes; executed 1984."
Vasiliy Kulik,Soviet Union,1984 to 1986,13,,Known as the Irkutsk Monster; killed at least 13 victims from 1984 to 1986. Executed by firing squad in 1989.
Nikolai Dudin,"Soviet Union
Russia",1987 to 2002,13,,"Known as the ""Grim Maniac""; killed his father in 1987, and after release, killed 12 more people while intoxicated; sentenced to life imprisonment."
Denis Pischikov,Russia,2002 to 2003,13,,"Known at the ""Shivering Creature""; robbed and killed elderly people around the Moscow Oblast and Vladimir Oblast; sentenced to life imprisonment."
Nikolay Shubin,Russia,2004 to 2006,13,,Paranoid schizophrenic who killed people who beat him in chess games; sentenced to compulsory treatment.
Johannes Mashiane,South Africa,1982 to 1989,13,,"Known as ""The Beast of Atteridgeville"", he was found guilty of 13 counts of murder and 12 counts of sodomy from 1982 to 1989. Committed suicide by throwing himself under a bus while being pursued by police in 1989."
Mukosi Freddy Mulaudzi,South Africa,1990 to 2006,13,,"Known as ""The Limpopo Serial Killer""; escaped convict, originally responsible for two murders, who murdered 11 more after his prison escape; given 11 life sentences."
Thozamile Taki,South Africa,2007,13,,"Known as the ""Sugar cane serial killer"", he murdered 13 women. Convicted in 2010."
Rainbow Maniac,Brazil,2007 to 2008,13,,"Unidentified serial killer who shot gay men in the head (except one, who was bludgeoned) in the Paturis Park of Carapicuiba."
Naceur Damergi,Tunisia,1980s to 1988,13,,Raped and killed minors in the Nabeul region; executed by hanging in 1990.
Adolf Seefeldt,Germany,1908 to 1935,12,100,"Known as the ""Sandman""; sexually abused young boys in their sleep, then poisoned them; suspected of 100 murders in total. Executed by guillotine in 1936."
Donald Henry Gaskins,United States,1953 to 1982,12,31–80+,"Known as ""The Meanest Man in America"", Gaskins was convicted of nine murders committed in South Carolina between 1973 and 1975. He was suspected of 31 murders. Two victims had been murdered while Gaskins had been incarcerated—one while Gaskins had been on death row. Later claimed on death row that he had murdered between 80 and 110 victims. Executed by electric chair in 1991."
William Suff,United States,1986 to 1992,12,22,"Previously served 10 years of a 70-year sentence for beating his baby daughter to death. Beginning two years after his release, this county store clerk raped, stabbed, strangled, and sometimes mutilated 12 or more prostitutes in Riverside County, California. Known as the ""Riverside Prostitute Killer"" and the ""Lake Elsinore Killer."" Sentenced to death."
Vladimir Romanov,"Soviet Union
Russia",1991 to 2005,12,20,"Known as the ""Kaliningrad Maniac""; pedophile who raped and murdered girls and young women in the Kaliningrad Oblast; committed suicide while imprisoned."
Maury Travis,United States,2000 to 2002,12,17,Killed prostitutes in the St. Louis area from 2000 to 2002. Caught when he mailed an Expedia.com map showing where to find a body to a St. Louis newspaper. Committed suicide by hanging in prison.
Dennis Nilsen,United Kingdom,1978 to 1983,12,15–16,"Picked up young men in London between 1978 and 1983 and dismembered them, keeping various body parts around his home. Died from surgical complications in 2018."
Kenneth Bianchi,United States,1977 to 1978,12,15,"Convicted of strangling 12 female victims aged 12 to 28 and suspected in another three cases. One of the ""Hillside Stranglers"". Sentenced to imprisonment for life."
Charles Sobhraj,"Thailand
Nepal
India
Malaysia",1975 to 1976,12,13,"French con man known as ""The Bikini Killer"" or ""The Serpent"" that targeted Western tourists in vacation spots of South-east Asia, often with the help of female accomplices. Imprisoned in India from 1976 to 1997, and from 2004 serving a life sentence in Nepal."
Abdallah al-Hubal,Yemen,1990 to 1998,12,,"Killed seven people after a Yemeni reunion; fled prison, then proceeded to kill a young couple and three more people; killed during a shootout with police."
Nikolai Shestakov,Soviet Union,1975,12,,"Known as the ""Luberetsky Maniac""; truck driver who raped and killed girls and young women; supposedly executed in 1977."
Anatoly Sedykh,Russia,1998 to 2003,12,,"Raped and killed women around Lipetsk, then robbed their corpses; sentenced to life imprisonment."
Joseph Christopher,United States,1980 to 1981,12,,"Known as ""The Midtown Slasher""; racist who killed 12 people, all but one of them African Americans, in 1980 and 1981, between upstate New York and Georgia, mutilating two of them. Sentenced to life imprisonment, died in prison age 33 of breast cancer."
"""Paraquat murders"" killer",Japan,1985,12,,Unidentified serial killer who carried out a series of indiscriminate poisonings in Japan in 1985 that killed 12.
Enriqueta Martí,Spain,c.1900 to 1912,12,Unknown,"Self-proclaimed witch that abducted, prostituted, murdered and made potions with the bodies of small children that she sold in Barcelona. Remains of 12 different children were identified in her home, but she is believed to have murdered more. Murdered in prison by fellow immates while awaiting trial in 1913."
Herb Baumeister,United States,1990 to 1996,11–16,25+,Strangled gay men and buried their bodies in his backyard in Indiana and Ohio; 11 men were found in the yard but only five were identified. Committed suicide by shooting himself when faced with arrest.
John Bunting,Australia,1992 to 1999,11,,Ringleader in the Snowtown murders (aka Bodies in the Barrels Murders); sentenced to 11 consecutive life sentences without the possibility of parole.
Sergey Golovkin,"Soviet Union
Russia",1986 to 1992,11,40+,Killed at least 11 boys in the Moscow area between 1986 and 1992. Executed by gunshot in 1996; last person executed in Russia before the death penalty was abolished.
Juana Barraza,Mexico,late 1990s to 2006,11,29–49,Female wrestler who bludgeoned or strangled elderly women to rob them. Sentenced to 759 years.
Zhang Yongming,China,2008 to 2012,11,17–20,Sold flesh of his victims as 'ostrich meat' and kept eyeballs in wine. Executed.
Jack Unterweger,"Austria
United States
Czechoslovakia",1974 to 1992,11,15,"Served 14 years in Austrian prison because of a murder in 1974; killed at least nine prostitutes after his release. Was a small media star in Austrian media in the early 1990s and, on behalf of Austrian police, was arrested in the US, where he may have killed another three prostitutes. Hanged himself in 1994 after being sentenced to life in prison."
Vaughn Greenwood,United States,1964 to 1975,11,13,"Known as the ""Skid Row Slasher"". Killed 11 people, suspected of two more. Cut victims' throats from ear to ear and may have drank their blood. Sentenced to imprisonment for life."
Benjamin Atkins,United States,1991 to 1992,11,,"Known as ""The Woodward Corridor Killer"". Raped and strangled his victims before abandoning their bodies in vacant buildings. Died in prison in 1997, age 29, from AIDS."
Nannie Doss,United States,1927 to 1954,11,,"Responsible for 11 deaths between 1927 and 1954. Known as the ""Giggling Nanny"", the ""Giggling Granny"", and the ""Jolly Black Widow"". Sentenced to imprisonment for life. Died of leukemia in 1965, age 59."
Clifford Olson,Canada,1980 to 1981,11,,"Considered a dangerous offender, meaning that Olson could never have been released from prison. He had three parole applications rejected. Died from cancer in 2011."
Henri Désiré Landru,France,1915 to 1919,11,Unknown,"Nicknamed ""Bluebeard"", he put notes in the lonely hearts section of newspapers under different aliases, presenting himself as a widower that wanted to marry a war widow. He killed at least 10 women and the teenage son of one of them, and burned their bodies after he had gained access to their assets. Executed by guillotine in 1922."
West Mesa Killer,United States,2003 to 2005,11,,"Remains of 11 women, who disappeared between 2003 and 2005, were found buried in the desert in Albuquerque, New Mexico in 2009 and attributed to a bone collector."
Anthony Sowell,United States,2007 to 2009,11,Unknown,"Known as The Cleveland Strangler, he was convicted of killing 11 women between 2007 and 2009, and is suspected in another series of murders in the 1980s, with the two sets of killings separated by a 15-year stint in prison. Sentenced to death."
Andre Crawford,United States,1993 to 1999,11,,Murdered 11 women between 1993 and 1999. Sentenced to life in prison.
Francisco García Escalero,Spain,1987 to 1994,11,,"Known as ""The Killer Beggar"". A necrophilic, schizophrenic homeless man found insane and confined to a psychiatric hospital after killing 11 prostitutes and other homeless people between 1987 and 1994. Died in 2014."
Robledo Puch,Argentina,1971,11,,Convicted of 11 murders and multiple other crimes including attempted murder and sexual assault. Sentenced to life imprisonment in 1980.
Adnan Çolak,Turkey,1992 to 1995,11,,Killed 11 elderly women aged 68 to 95 and raped six others. Sentenced to death but commuted to life in prison after Turkey abolished the death penalty in 2004.
Seisaku Nakamura,Japan,1938 to 1942,11,,"Teenage serial killer known as the ""Hamamatsu Deaf Killer"" for having been born deaf. Murdered 11 people (including his brother) and attacked many others, among them his father, sister, brother-in-law and nephew. Tried as an adult and executed by hanging."
Very Idham Henyansyah,Indonesia,2008 and earlier,11,,"Known as the ""singing serial killer"" and ""Ryan"", the artistic name he adopted while awaiting his execution in prison, where he recorded an album and wrote his autobiography. ""Ryan"" confessed to murdering 11 people including a toddler; 10 of his victims were buried in his parents' home backyard while the last one was butchered and hidden in a suitcase. Sentenced to death."
Francisco de Assis Pereira,Brazil,1997 to 1998,11,,"Rapist and serial killer, known as ""O Maníaco do Parque"" (The Park Maniac). He was arrested for the torture, rape and death of 11 women and for assaulting nine in a park in São Paulo, Brazil during the 1990s. Pereira found his victims by posing as a talent scout for a modeling agency. Sentenced to 268 years."
Roshu Kha,Bangladesh,2008,11,,Raped and murdered garment workers after being rejected by his lover. Sentenced to death.
Gao Chengyong,China,1998 to 2002,11,,"Known as ""Chinese Jack the Ripper""; killed women and then mutilated their corpses. Executed in 2019."
Marie Alexandrine Becker,Belgium,1933 to 1936,11,,Poisoned wealthy clients while working as a seamstress. Died in prison in 1942.
Ruslan Khamarov,Ukraine,2000 to 2003,11,,"Seduced, raped and then killed women in his home; sentenced to life imprisonment."
Yevgeny Petrov,Russia,1998 to 2003,11,,"Known as the ""Novouralsk Ripper""; pedophile who kidnapped, raped and killed young girls around Novouralsk, mutilating and burning their corpses afterwards; sentenced to life imprisonment."
Rudolf Pleil,West Germany,1946 to 1947,10,25,"Known as Der Totmacher (""The Deadmaker""). Convicted of killing a salesman and nine women. Claimed to have killed 25. Committed suicide by hanging in 1958."
Milton Johnson,United States,1983,10,17,"Known as ""The Weekend Murderer"" killed up to 17 people. Sentenced to life without parole."
Long Island serial killer,United States,1996 to 2011,10,14,"Unidentified serial killer also known as ""The Gilgo Beach Killer"". Believed to have murdered 10 to 14 people associated with the sex trade over a period of 15 years."
Daniel Lee Siebert,United States,1979 to 1986,10,13,Convicted of a 1979 manslaughter; killed 10 people across America in three months in mid-1980s including two children and a Southside Slayer victim. Sentenced to death; died from cancer in prison in 2008.
Lonnie David Franklin Jr.,United States,1985 to 2007,10,25,"Known as the ""Grim Sleeper"" for the alleged 14-year hiatus he took from murdering between 1988 and 2002. Shot and strangled his victims, mostly women, around South Los Angeles. Sentenced to death."
Sergey Cherny,Russia,1999,10,11,Strangled women around Smolensk; suspected of the drowning death of another woman; died in 2001 from pneumonia while in a special psychiatric hospital.
Bobby Joe Long,United States,1984,10,10+,"Known as ""The Classified Ad Rapist""; killed 10 women in Tampa Bay, Florida in 1984. Sentenced to death. Executed by lethal injection on 23 May 2019."
Stewart Wilken,South Africa,1990 to 1997,10,10+,"Known as ""Boetie Boer""; raped, sodomised and murdered 10 victims from 1990 to 1997. Sentenced to seven life terms."
David Randitsheni,South Africa,2004 to 2008,10,10+,"Kidnapped 19 people, raped 17, and murdered 10. Sentenced to 16 consecutive life sentences plus 220 years in prison; hanged himself three weeks after conviction."
Edmund Kemper,United States,1964 to 1973,10,,"Called ""The Co-ed Butcher."" At age 15, he confessed to murdering his grandparents and served six years as a criminally insane juvenile. He was released in 1969. In 1972 and 1973, he murdered and dismembered six young women, then killed his mother and her friend. He was sentenced to eight counts of seven years to life."
Dennis Rader,United States,1974 to 2004,10,,"Known as the BTK Killer. Murdered 10 people in Sedgwick County (in and around Wichita), Kansas, between 1974 and 1991. Sentenced to life imprisonment with no parole for 175 years."
Ali Kaya,Turkey,1997 to present,10,,"Known as ""the baby faced killer""; responsible for 10 murders. Escaped from prison and later recaptured."
Robert Wagner,Australia,1992 to 1999,10,,Secondary ringleader in the Snowtown murders and best friend of John Justin Bunting; sentenced to 10 consecutive life sentences without the possibility of parole.
Jeanne Weber,France,1905 to 1908,10,,Transient baby-sitter who strangled children in her care. Declared insane. Hanged herself in prison in 1918.
Henry Louis Wallace,United States,1990 to 1994,10,,"Confessed to 10 murders in Charlotte, North Carolina. The victims were all women that he knew. Sentenced to death."
Angelo Buono Jr.,United States,1977 to 1979,10,,"Convicted of strangling 10 women. One of the ""Hillside Stranglers"". Died in prison from a heart attack in 2002."
Satish,India,1995 to 1998,10,,"Killed 10 girls who were between the ages of five and nine. He was arrested from Bahadurgargh, Haryana after a long chase by Haryana police."
Zhou Kehua,China,2004 to 2012,10,,"A former soldier who targeted ATM users. He killed 10 people and evaded the law for eight years, before being shot in a shootout with police after a year-long manhunt."
Kang Ho-sun,South Korea,2006 to 2008,10,,"Sentenced to death in 2010 for killing 10 women, including his wife and mother-in-law."
Eduard Shemyakov,Russia,1996 to 1998,10,,"Known as the ""Resort Maniac""; Ukrainian who raped, killed and dismembered women in St. Petersburg, supposedly cannibalizing one of the victims; sentenced to compulsory treatment."
Oleg Kuznetsov,"Soviet Union
Russia
Ukraine",1991 to 1992,10,,"Robbed, raped and killed people around Russia and Ukraine; sentenced to death but commuted to life imprisonment."
Stanislav Rogolev,Soviet Union,1980 to 1982,10,,"Known as ""Agent 000""; killed and raped women, managing to avoid capture through suspected knowledge of the investigation against him; executed by firing squad in 1984."
Volker Eckert,"East Germany
Germany
France
Spain
Czech Republic (suspected)
Italy (suspected)",1974 to 2006,9–13,19+,"German trucker who confessed to having abducted, tortured and killed five prostitutes through his route in Western Europe, plus strangling a 14-year-old girl in his native West Germany in 1974, when he was 15. Police considered him perpetrator of nine murders (with four more being possible); he hanged himself in prison before being convicted."
Louis van Schoor,South Africa,1986 to 1989,9,100,"Former security guard who was convicted of seven murders and two assassinations, but confessed to a reporter that he murdered 100 people; sentenced to 20 years in prison and released on parole in 2004."
Peter Kürten,"German Empire
Germany",1913 to 1930,9,79,"Charged with nine murders and seven attempted murders. Dubbed ""The Vampire of Düsseldorf"" by the contemporary media. Executed by guillotine in 1931."
Roger Dale Stafford,United States,1974 to 1978,9,34,"Killed nine people in two states, including a family of three; his wife implicated him in 34 total murders in different states; executed by lethal injection in 1995."
Norman Afzal Simons,South Africa,1986 to 1994,9,22,"Known as the ""Station Strangler"", convicted of only one of 22 cases of murder and sodomy of young children near Cape Town. Sentenced to imprisonment for life."
Francis Heaulme,France,1984 to 1992,9,20,"Convicted of killing nine people, but suspected in the murder of dozens. He is known as the ""Criminal Backpacker"" due to his travels throughout France. He left a trail of bodies wherever he went."
Joel Rifkin,United States,1989 to 1993,9,17,"Known as ""The Drifter"", killed prostitutes in New York City, most of them drug addicts. Convicted of nine murders but believed to have committed 17; also suspected of being the unidentified Long Island serial killer. Sentenced to 203 years to imprisonment for life."
Dagmar Overbye,Denmark,1913 to 1920,9,15,"Murdered between nine and 25 children—of which one was her own—during a seven-year period. In 1921, she was sentenced to death in one of the most talked about trials in Danish history, that changed legislation on childcare. The sentence was later commuted to life in prison. Overbye was working as a professional child minder, caring for babies born outside of marriage, murdering her charges. She strangled them, drowned them or burned them to death in her masonry heater. The corpses were either cremated, buried or hidden in the loft. Died in prison in 1929."
Kenneth McDuff,United States,1966 to 1992,9,14+,"Known as ""The Broomstick Killer""; death sentence for 1966 triple-murder was commuted. Killed again three days after 1989 parole and 10 further times in Waco, Texas until 1992. Executed by lethal injection in 1998."
Robert Joseph Silveria Jr.,United States,1981 to 1996,9,14+,"Known as ""The Boxcar Killer""; freight train rider convicted of beating to death fellow transients and confessed to dozens more."
Richard Biegenwald,United States,1958 to 1983,9,11+,"Known as ""The Thrill Killer"". Killed at least nine people in Monmouth County, New Jersey and is suspected in at least two other murders. Died of respiratory and kidney failure in 2008."
Alexander Bychkov,Russia,2009 to 2012,9,11,Described in his personal diary how he killed 11 men who were alcoholics and tramps. Confessed to eating body parts of his victims. Found guilty of nine murders and sentenced to life imprisonment.
New Bedford Highway Killer,United States,1988 to 1989,9,11,Unidentified serial killer who killed nine women and disappearance of two others between 1988 and 1989.
Maryvale serial shooter,United States,2015 to 2016,9,11,"Motorist who shot 12 people in separate events in Phoenix, Arizona, killing nine. Aaron Saucedo was charged with the shootings and two additional murders in 2017."
Viktor Fokin,Russia,1996 to 2000,9,10+,"Known as the ""Grandfather Ripper""; pensioner who lured, killed and then dismembered prostitutes and alcohol abusers in his home, disposing of the remains in garbage containers after; died while imprisoned at a corrective labor colony."
Timothy Krajcir,United States,2000s,9,,"Killed nine women across Pennsylvania, Illinois, Kentucky and Missouri (five in Cape Girardeau) in the 1970s and 1980s."
Edgecombe County Serial Killer,United States,2000s,9,10,"Unidentified serial killer who killed nine women and possibly another who disappeared since 2005 around Rocky Mount, North Carolina. Antwan Pittman was convicted in one case."
Eric Edgar Cooke,Australia,1958 to 1963,8,Unknown,"Known as the ""Night Caller"" and later the ""Nedlands Monster""; killed at least eight people and attempted to kill at least fourteen in and around Perth between 1959 and 1963; he was last person to be hanged in Western Australia."
Joseph Paul Franklin,United States,1977 to 1980,8–15,20,White supremacist shooter who confessed to 20 murders and several attempted murders. Executed by lethal injection in 2013.
Yoshio Kodaira,"China
Japan",1928? to 1946,8–11+,Unknown,"A serial rapist, Kodaira killed his father-in-law in 1932 and eight to 10 women in Japan between 1945 and 1946, engaging in necrophilia after the fifth murder. Previously (1920s) he had been deployed to Northern China as a sailor in the Imperial Japanese Navy, where he was free to target the locals. Hanged in 1949."
Keith Hunter Jesperson,United States,1990 to 1995,8,160,"Dubbed the ""Happy Face Killer"", Jesperson was convicted of killing eight women by strangulation."
Rodney Alcala,United States,1971 to 1979,8,130+,"Known as the ""Dating Game Killer"" for appearing on the game show The Dating Game in the middle of his killing years. Was convicted of at least five murders, though his actual total is estimated to be much higher."
Kiyotaka Katsuta,Japan,1982 to 1983,8,22,"Strangled or shot people to rob them, using a gun he had stolen from a policeman after running him over with his car. Hanged in 2000."
Pierre Chanal,France,1980 to 1988,8,17,Military instructor suspected of killing boys and men in Marne; committed suicide before trial.
Christopher Wilder,United States,1984,8,13+,Killed eight women during a spree before accidentally shooting himself; suspected in the disappearance and murder of more than five more.
Axeman of New Orleans,United States,1918 to 1919,8,12+,Unidentified serial killer of at least eight people in the New Orleans area from May 1918 to October 1919.
Vladimir Retunsky,Russia,1990 to 1996,8,12,"Known as the ""Povorinsky Maniac""; kidnapped, raped and killed hitchhikers in his hometown of Povorino, possibly abusing their corpses; initially sentenced to death, but later reduced to 15 years imprisonment and released in 2015."
Gilbert Paul Jordan,Canada,1965 to 1987,8,10,"Known as the ""Boozing Barber"", he would typically find alcoholic women in bars in Vancouver's destitute Downtown Eastside, buy them drinks or pay them for sex and encourage them to drink with him. When they passed out, he would pour more liquor down their throats. The resulting deaths were reported as alcohol poisoning and generally ignored by police as the intentional murders blended in with the common occurrence in that neighbourhood. Died in 2006."
Bruce McArthur,Canada,2010 to 2017,8,,"One of the oldest known serial killers, active at 65, he lured men to secret sexual encounters involving drugs and bondage, killed them and dismembered their bodies which he hid in garden planters."
Elizabeth Wettlaufer,Canada,2007 to 2018,8,,"Confessed to murdering eight senior citizens and attempting to murder six others in southwestern Ontario. With a total of fourteen victims either killed or injured by her actions, she is described as one of the worst serial killers in Canadian history."
Nikolai Dzhumagaliev,Soviet Union,1980 and earlier,7,50–100,Lured women in a park at night and hacked them with an axe as part of a plan to rid the world of prostitution. Also cooked parts of his victims and ate them himself or served them to other people as part of ethnic dishes. Found innocent by reason of insanity and interned in a mental institution.
Manuel Delgado Villegas,"Spain
France (claimed)
Italy (claimed)",1964 to 1971,7,48,"Wandering criminal known as El Arropiero (""The Arrope Trader"") and El Estrangulador del Puerto (""The Strangler of Puerto""). Confessed to the impulsive murders of 48 people of different sex, age, wealth and sexual orientation in three countries (including his girlfriend, whom he strangled during sex), but police only investigated him for 22 murders in Spain and was considered proven author of seven. Some of his victims were killed with hand to hand combat techniques that he had learned in the Spanish Foreign Legion. Diagnosed with XYY syndrome and interned in a mental institution until his death in 1998."
Ershad Sikder,Bangladesh,1991 to 1999,7,43+,Career criminal and corrupt politician responsible for numerous torture murders in the 1990s; convincted on seven counts and executed 2004.
Ivan Milat,Australia,1990s,7,23–37,Convicted of the Backpacker murders; sentenced to seven consecutive life sentences plus 18 years without the possibility of parole. May have had accomplices.
Michael Wayne McGray,"Canada
United States",1980s to 2010s,7,18,"Convicted of the murder of six people in the late 1990s, including a woman and her 11-year-old daughter. Claims to have killed 11 others, including murders committed while on parole and while on a three-day pass from prison. Finally imprisoned for life, killed a cellmate in 2010."
Kenneth Erskine,United Kingdom,1986,7,11,"Known as ""The Stockwell Strangler"", he was a burglar who raped and strangled at least seven elderly women after breaking into their homes."
David Carpenter,United States,1979 to 1981,7,11,"Known as ""The Trailside Killer""; murdered women on San Francisco-area hiking trails between 1979 and 1981. Sentenced to death."
Vladimir Kuzmin,Russia,1997,7,11,"Raped, murdered and robbed mostly young boys and men in Moscow; assisted in his first two murders by Denis Kalistratov; sentenced to life imprisonment."
Tommy Recco,France,1960 to 1980,7,10,"Murdered his godfather in 1960; after release, killed six cashiers in two separate store raids; also suspected of murdering a trio of German tourists."
Todd Kohlhepp,United States,2003 to 2016,7,7,"A registered sex offender; Shot up a motorcycle shop in 2003, killing 4; killed 3 more victims in 2015 and 2016; is currently serving 7 life sentences for the crimes."
Ohio Prostitute Killer,United States,1981 to 2004,7,10,"Supposedly murdered prostitutes and exotic dancers; his first victim was Marcia King, who was identified in 2018."
Derrick Todd Lee,United States,2002,7,10,"Known as the ""Baton Rouge or South Louisiana Serial Killer"" convicted of three murders. Believed to have murdered several other women in Louisiana, Mississippi and Alabama. Sentenced to death, died in 2016."
Tomás Maldonado Cera,Colombia,2002 to 2018,7,10,"Known as ""The Satanist""; killed people in Barranquila for the purpose of satanic rituals."
Aileen Wuornos,United States,1989 to 1990,7,,Sex worker that shot her victims at point blank range.
Nikos Metaxas,Cyprus,2016 to 2018,7,,"A 35-year-old Cypriot Army officer who killed five women and two children between September 2016 and August 2018. These became known as the ""Mitsero murders."" Sentenced to 7 life sentences."
David Berkowitz,United States,1976 to 1977,6,,"Known as ""Son of Sam"", he went after young women and couples killing 6 people and wounding 7 others with a .44 caliber Bulldog revolver. He was caught when an eyewitness to his last murder saw he had a parking ticket on his car. He was sentenced to life in prison with parole in 1978."
Richard Chase,United States,1977 to 1978,6,,"Known as ""The Vampire of Sacramento"" because he drank his victims' blood and cannibalized their remains. He killed six people in the span of a month in Sacramento, California. The 1987 film Rampage was loosely based on based on Chase's crimes."
Tommy Lynn Sells,United States,1980 to 1999,6,70?,Drifter active throughout the United States who specialized in killing children and multiple victims after breaking into their homes. Caught when a 10-year-old girl survived his attack and provided a description of him. Executed in 2014.
Władysław Mazurkiewicz,Poland,1950s,6,30,"Known as ""The Gentleman Killer"". Indicted of, and confessed to having committed 30 murders; convicted of six and hanged in 1957."
Gong Runbo,China,2005 to 2006,6,20+,Found guilty of the murders of six children and teenagers aged between nine and 16 from 2005 to 2006; executed in 2007.
Cristopher Chávez Cuellar,Colombia,1990s to 2015,6,15+,"Known as ""The Soulless""; killed between 6 and at least 15 people starting from the 1990s, including 4 underage brothers; sentenced to 40 years imprisonment."
András Pándy,Belgium,1986 to 1990,6,14+,"Former clergyman nicknamed ""Father Bluebeard"", killed his two wives and four of his children with the help of a fifth he was having an incestuous affair with, and whom denounced him to the authorities seven years later. Sentenced to life imprisonment in 2002."
John Wayne Glover,Australia,1989 to 1990,6,13,"British ex-pat living in Australia. Known by the media as ""The Granny Killer"" as he targeted elderly women; committed suicide while in prison in 2005."
Alexander Sergeychik,Belarus,2000 to 2006,6,12,Killed between six and 12 people under the influence of alcohol. Executed in 2007.
Adrián Arroyo Gutiérrez,Costa Rica,2014 to 2015,6,11,"Known as ""The Southern Psychopath""; raped and strangled drug-addicted prostitutes in San José; sentenced to 110 years imprisonment."
Joseph Naso,United States,1977 to 1994,6,10,"A freelance photographers who raped and strangled to death women in California. Arrested in 2011 and sentenced to death two years later. Known as ""The Double Initial Killer"" since first four victims to be identified bore double initials."
Terry Peder Rasmussen,United States,1978 to 2002,6,6+,"Known as the ""Chameleon Killer""; main suspect in the Bear Brook murders, as well as other murders."
Richard Cottingham,United States,1977 to 1980,5,85–100,"Killer operating in New York and New Jersey who often targeted prostitutes and utilized mutilation as well as dismemberment in his killings. Known as the ""Torso Killer"", convicted of five murders. He made claims of victim count as up to a hundred, however, there was no evidence to support this and is considered unsubstantiated."
Zodiac Killer,United States,1962 to 1977,5,37,Targeted young couples. Remains unsolved but open in the California jurisdictions where the five certain Zodiac murders occurred. Potentially 37 total victims claimed but unverified.
John Floyd Thomas Jr.,United States,1957 to 2009,5,17–25,Serial murderer and rapist with one of the longest criminal careers in the US.
Carl Panzram,"United States
 Portuguese Angola",1915 to 1929,5,22,"From 1920 to 1928, he claimed in a posthumous autobiography to have committed over 22 killings, and sodomy of more than 1000 young men. Executed in 1930 by hanging."
Steve Wright,United Kingdom,2006,5,5–22,"Referred to as ""Suffolk murders"", ""Ipswich murders"", ""Ipswich Ripper"", ""Suffolk Ripper"", ""Suffolk Strangler"", ""East Anglia Ripper"", ""Red Light Ripper"" and ""the Suffolkator"". Murdered five prostitutes, all of whom worked in Ipswich in 2006. There are possible links to previous East Anglia prostitute killings."
Michel Peiry,"Switzerland
France
United States
Yugoslavia (suspected)
Italy (suspected)",1981 to 1987,5,11,"Known as the ""Sadist of Romont""; Swiss soldier who sexually abused and murdered at least 5 hitchhikers in several countries; sentenced to life imprisonment."
Hubert Pilčík,Czechoslovakia,1948 to 1951,5,10+,"Made money smuggling people across the Czechoslovakia-Germany border, but killed most of his customers. Total number of his victims is unknown."
Thomas Dillon,United States,1989 to 1992,5,,Killed outdoorsmen in rural Ohio by sniping them from afar with a hunting rifle.
Joe Metheny,United States,1976 to 1996,5,10,"Butchered his victims, then served them at BBQs at his roadside stand; died in prison."
Sek Kim Wah,Singapore,30 June 1983 to 23 July 1983,5,-,"Sek Kim Wah, who was of Chinese Singaporean descent, was 19 years old when he killed five victims in two separate robbery cases, using raffia string to strangle them. Other methods employed were hitting their heads with a heavy object (like a wooden stool) and electrocution (which was unsuccessful). He robbed and killed a couple before abandoning their corpses at Seletar Reservoir on 30 June 1983 and then, on 23 July 1983, killed three more people at Andrew Road. He was arrested and indicted for murder six days later and was sentenced to death on 14 August 1985; he lost an appeal and he was hanged on 9 December 1988."
